-- phpMyAdmin SQL Dump
-- version 4.9.1
-- https://www.phpmyadmin.net/
--
-- Host: 127.0.0.1
-- Generation Time: Sep 23, 2020 at 03:33 PM
-- Server version: 10.4.8-MariaDB
-- PHP Version: 7.3.11

SET SQL_MODE = "NO_AUTO_VALUE_ON_ZERO";
SET AUTOCOMMIT = 0;
START TRANSACTION;
SET time_zone = "+00:00";


/*!40101 SET @OLD_CHARACTER_SET_CLIENT=@@CHARACTER_SET_CLIENT */;
/*!40101 SET @OLD_CHARACTER_SET_RESULTS=@@CHARACTER_SET_RESULTS */;
/*!40101 SET @OLD_COLLATION_CONNECTION=@@COLLATION_CONNECTION */;
/*!40101 SET NAMES utf8mb4 */;

--
-- Database: `student_helper`
--

-- --------------------------------------------------------

--
-- Table structure for table `students`
--

CREATE TABLE `students` (
  `id` int(11) NOT NULL,
  `name` varchar(30) NOT NULL,
  `indexno` varchar(20) NOT NULL,
  `nic` varchar(15) NOT NULL,
  `email` varchar(50) NOT NULL,
  `semester` varchar(20) NOT NULL,
  `password` text NOT NULL,
  `status` tinyint(5) NOT NULL
) ENGINE=InnoDB DEFAULT CHARSET=utf8mb4;

--
-- Dumping data for table `students`
--

INSERT INTO `students` (`id`, `name`, `indexno`, `nic`, `email`, `semester`, `password`, `status`) VALUES
(1, 'asanga', 'it17069878', '971630841V', 'asanga600@gmail.com', '2nd year 2nd semeste', '971630841V', 0),
(2, 'asanga', 'it17069878', '971630841V', 'asanga600@gmail.com', '2nd year 2nd semeste', '971630841V', 0);

-- --------------------------------------------------------

--
-- Table structure for table `student_expect_gpa`
--

CREATE TABLE `student_expect_gpa` (
  `id` int(11) NOT NULL,
  `student_id` varchar(20) NOT NULL,
  `expected_gpa` double(10,2) NOT NULL
) ENGINE=InnoDB DEFAULT CHARSET=utf8mb4;

--
-- Dumping data for table `student_expect_gpa`
--

INSERT INTO `student_expect_gpa` (`id`, `student_id`, `expected_gpa`) VALUES
(1, '0', 3.00),
(2, '0', 3.00);

-- --------------------------------------------------------

--
-- Table structure for table `student_gpa_pred_result`
--

CREATE TABLE `student_gpa_pred_result` (
  `id` int(11) NOT NULL,
  `student_id` varchar(20) NOT NULL,
  `predicted_gpa` varchar(20) NOT NULL
) ENGINE=InnoDB DEFAULT CHARSET=utf8mb4;

--
-- Dumping data for table `student_gpa_pred_result`
--

INSERT INTO `student_gpa_pred_result` (`id`, `student_id`, `predicted_gpa`) VALUES
(4, 'it17070908', '2.4268458049133237'),
(5, 'it170456123', '2.4268458049133237');

-- --------------------------------------------------------

--
-- Table structure for table `student_marks`
--

CREATE TABLE `student_marks` (
  `id` int(11) NOT NULL,
  `student_it` varchar(20) NOT NULL,
  `subject_id` int(10) NOT NULL,
  `marks` varchar(20) DEFAULT NULL
) ENGINE=InnoDB DEFAULT CHARSET=utf8mb4;

--
-- Dumping data for table `student_marks`
--

INSERT INTO `student_marks` (`id`, `student_it`, `subject_id`, `marks`) VALUES
(1, 'it17069878', 1, '12'),
(2, 'it170', 1, 'A'),
(3, 'it170', 2, 'B'),
(4, 'it170', 3, 'c'),
(5, 'it170', 4, 'A'),
(6, 'it170', 5, 'c'),
(7, 'it170', 6, 'c'),
(8, 'it170', 7, 'c'),
(9, 'it170', 8, 'c'),
(10, 'it170', 9, 'w'),
(11, 'it17069878', 1, 'A'),
(12, 'it17069878', 2, 'B'),
(13, 'it17069878', 3, 'c'),
(14, 'it17069878', 4, 'A'),
(15, 'it17069878', 5, 'c'),
(16, 'it17069878', 6, 'c'),
(17, 'it17069878', 7, 'c'),
(18, 'it17069878', 8, 'c'),
(19, 'it17069878', 9, 'w'),
(20, 'it17070904', 1, 'A'),
(21, 'it17070904', 2, 'B'),
(22, 'it17070904', 3, 'c'),
(23, 'it17070904', 4, 'A'),
(24, 'it17070904', 5, 'c'),
(25, 'it17070904', 6, 'c'),
(26, 'it17070904', 7, 'c'),
(27, 'it17070904', 8, 'c'),
(28, 'it17070904', 9, 'w'),
(29, 'it17070904', 1, 'A'),
(30, 'it17070904', 2, 'B'),
(31, 'it17070904', 3, 'C'),
(32, 'it17070904', 4, 'A'),
(33, 'it17070904', 5, 'c'),
(34, 'it17070904', 6, 'c'),
(35, 'it17070904', 7, 'c'),
(36, 'it17070904', 8, 'c'),
(37, 'it17070904', 9, 'w'),
(38, 'it17070904', 1, 'A'),
(39, 'it17070904', 2, 'B'),
(40, 'it17070904', 3, 'C'),
(41, 'it17070904', 4, 'A'),
(42, 'it17070904', 5, 'c'),
(43, 'it17070904', 6, 'c'),
(44, 'it17070904', 7, 'c'),
(45, 'it17070904', 8, 'c'),
(46, 'it17070904', 9, 'w'),
(73, 'it17070905', 1, 'A'),
(74, 'it17070905', 2, 'B'),
(75, 'it17070905', 3, 'C'),
(76, 'it17070905', 4, 'A'),
(77, 'it17070905', 5, 'C'),
(78, 'it17070905', 6, 'C'),
(79, 'it17070905', 7, 'C'),
(80, 'it17070905', 8, 'C'),
(81, 'it17070905', 9, 'W'),
(82, 'it17070905', 10, 'A'),
(83, 'it17070905', 11, 'C'),
(84, 'it17070905', 12, 'C'),
(85, 'it17070905', 13, 'C'),
(86, 'it17070905', 14, 'C'),
(87, 'it17070905', 15, 'W'),
(88, 'it17070905', 16, 'A'),
(89, 'it17070905', 17, 'C'),
(90, 'it17070905', 18, 'C'),
(91, 'it17070905', 19, 'C'),
(92, 'it17070905', 20, 'C'),
(93, 'it17070905', 21, 'W'),
(94, 'it17070905', 22, 'A'),
(95, 'it17070905', 23, 'C'),
(96, 'it17070905', 24, 'C'),
(97, 'it17070905', 25, 'C'),
(98, 'it17070905', 1, 'A'),
(99, 'it17070905', 2, 'B'),
(100, 'it17070905', 3, 'C'),
(101, 'it17070905', 4, 'A'),
(102, 'it17070905', 5, 'C'),
(103, 'it17070905', 6, 'C'),
(104, 'it17070905', 7, 'C'),
(105, 'it17070905', 8, 'C'),
(106, 'it17070905', 9, 'W'),
(107, 'it17070905', 10, 'A'),
(108, 'it17070905', 11, 'C'),
(109, 'it17070905', 12, 'C'),
(110, 'it17070905', 13, 'C'),
(111, 'it17070905', 14, 'C'),
(112, 'it17070905', 15, 'W'),
(113, 'it17070905', 16, 'A'),
(114, 'it17070905', 17, 'C'),
(115, 'it17070905', 18, 'C'),
(116, 'it17070905', 19, 'C'),
(117, 'it17070905', 20, 'C'),
(118, 'it17070905', 21, 'W'),
(119, 'it17070905', 22, 'A'),
(120, 'it17070905', 23, 'C'),
(121, 'it17070905', 24, 'C'),
(122, 'it17070905', 25, 'C'),
(123, 'it17070905', 1, 'A'),
(124, 'it17070905', 2, 'B'),
(125, 'it17070905', 3, 'C'),
(126, 'it17070905', 4, 'A'),
(127, 'it17070905', 5, 'C'),
(128, 'it17070905', 6, 'C'),
(129, 'it17070905', 7, 'C'),
(130, 'it17070905', 8, 'C'),
(131, 'it17070905', 9, 'W'),
(132, 'it17070905', 10, 'A'),
(133, 'it17070905', 11, 'C'),
(134, 'it17070905', 12, 'C'),
(135, 'it17070905', 13, 'C'),
(136, 'it17070905', 14, 'C'),
(137, 'it17070905', 15, 'W'),
(138, 'it17070905', 16, 'A'),
(139, 'it17070905', 17, 'C'),
(140, 'it17070905', 18, 'C'),
(141, 'it17070905', 19, 'C'),
(142, 'it17070905', 20, 'C'),
(143, 'it17070905', 21, 'W'),
(144, 'it17070905', 22, 'A'),
(145, 'it17070905', 23, 'C'),
(146, 'it17070905', 24, 'C'),
(147, 'it17070905', 25, 'C'),
(148, 'it17070905', 1, 'A'),
(149, 'it17070905', 2, 'B'),
(150, 'it17070905', 3, 'C'),
(151, 'it17070905', 4, 'A'),
(152, 'it17070905', 5, 'C'),
(153, 'it17070905', 6, 'C'),
(154, 'it17070905', 7, 'C'),
(155, 'it17070905', 8, 'C'),
(156, 'it17070905', 9, 'W'),
(157, 'it17070905', 10, 'A'),
(158, 'it17070905', 11, 'C'),
(159, 'it17070905', 12, 'C'),
(160, 'it17070905', 13, 'C'),
(161, 'it17070905', 14, 'C'),
(162, 'it17070905', 15, 'W'),
(163, 'it17070905', 16, 'A'),
(164, 'it17070905', 17, 'C'),
(165, 'it17070905', 18, 'C'),
(166, 'it17070905', 19, 'C'),
(167, 'it17070905', 20, 'C'),
(168, 'it17070905', 21, 'W'),
(169, 'it17070905', 22, 'A'),
(170, 'it17070905', 23, 'C'),
(171, 'it17070905', 24, 'C'),
(172, 'it17070905', 25, 'C'),
(173, 'it17070908', 1, 'A'),
(174, 'it17070908', 2, 'B'),
(175, 'it17070908', 3, 'C'),
(176, 'it17070908', 4, 'A'),
(177, 'it17070908', 5, 'C'),
(178, 'it17070908', 6, 'C'),
(179, 'it17070908', 7, 'C'),
(180, 'it17070908', 8, 'C'),
(181, 'it17070908', 9, 'W'),
(182, 'it17070908', 10, 'A'),
(183, 'it17070908', 11, 'C'),
(184, 'it17070908', 12, 'C'),
(185, 'it17070908', 13, 'C'),
(186, 'it17070908', 14, 'C'),
(187, 'it17070908', 15, 'W'),
(188, 'it17070908', 16, 'A'),
(189, 'it17070908', 17, 'C'),
(190, 'it17070908', 18, 'C'),
(191, 'it17070908', 19, 'C'),
(192, 'it17070908', 20, 'C'),
(193, 'it17070908', 21, 'W'),
(194, 'it17070908', 22, 'A'),
(195, 'it17070908', 23, 'C'),
(196, 'it17070908', 24, 'C'),
(197, 'it17070908', 25, 'C'),
(198, 'it17070908', 1, 'A'),
(199, 'it17070908', 2, 'B'),
(200, 'it17070908', 3, 'C'),
(201, 'it17070908', 4, 'A'),
(202, 'it17070908', 5, 'C'),
(203, 'it17070908', 6, 'C'),
(204, 'it17070908', 7, 'C'),
(205, 'it17070908', 8, 'C'),
(206, 'it17070908', 9, 'W'),
(207, 'it17070908', 10, 'A'),
(208, 'it17070908', 11, 'C'),
(209, 'it17070908', 12, 'C'),
(210, 'it17070908', 13, 'C'),
(211, 'it17070908', 14, 'C'),
(212, 'it17070908', 15, 'W'),
(213, 'it17070908', 16, 'A'),
(214, 'it17070908', 17, 'C'),
(215, 'it17070908', 18, 'C'),
(216, 'it17070908', 19, 'C'),
(217, 'it17070908', 20, 'C'),
(218, 'it17070908', 21, 'W'),
(219, 'it17070908', 22, 'A'),
(220, 'it17070908', 23, 'C'),
(221, 'it17070908', 24, 'C'),
(222, 'it17070908', 25, 'C'),
(223, 'it17070908', 1, 'A'),
(224, 'it17070908', 2, 'B'),
(225, 'it17070908', 3, 'C'),
(226, 'it17070908', 4, 'A'),
(227, 'it17070908', 5, 'C'),
(228, 'it17070908', 6, 'C'),
(229, 'it17070908', 7, 'C'),
(230, 'it17070908', 8, 'C'),
(231, 'it17070908', 9, 'W'),
(232, 'it17070908', 10, 'A'),
(233, 'it17070908', 11, 'C'),
(234, 'it17070908', 12, 'C'),
(235, 'it17070908', 13, 'C'),
(236, 'it17070908', 14, 'C'),
(237, 'it17070908', 15, 'W'),
(238, 'it17070908', 16, 'A'),
(239, 'it17070908', 17, 'C'),
(240, 'it17070908', 18, 'C'),
(241, 'it17070908', 19, 'C'),
(242, 'it17070908', 20, 'C'),
(243, 'it17070908', 21, 'W'),
(244, 'it17070908', 22, 'A'),
(245, 'it17070908', 23, 'C'),
(246, 'it17070908', 24, 'C'),
(247, 'it17070908', 25, 'C'),
(248, 'it17070908', 1, 'A'),
(249, 'it17070908', 2, 'B'),
(250, 'it17070908', 3, 'C'),
(251, 'it17070908', 4, 'A'),
(252, 'it17070908', 5, 'C'),
(253, 'it17070908', 6, 'C'),
(254, 'it17070908', 7, 'C'),
(255, 'it17070908', 8, 'C'),
(256, 'it17070908', 9, 'W'),
(257, 'it17070908', 10, 'A'),
(258, 'it17070908', 11, 'C'),
(259, 'it17070908', 12, 'C'),
(260, 'it17070908', 13, 'C'),
(261, 'it17070908', 14, 'C'),
(262, 'it17070908', 15, 'W'),
(263, 'it17070908', 16, 'A'),
(264, 'it17070908', 17, 'C'),
(265, 'it17070908', 18, 'C'),
(266, 'it17070908', 19, 'C'),
(267, 'it17070908', 20, 'C'),
(268, 'it17070908', 21, 'W'),
(269, 'it17070908', 22, 'A'),
(270, 'it17070908', 23, 'C'),
(271, 'it17070908', 24, 'C'),
(272, 'it17070908', 25, 'C'),
(273, 'it17070908', 1, 'A'),
(274, 'it17070908', 2, 'B'),
(275, 'it17070908', 3, 'C'),
(276, 'it17070908', 4, 'A'),
(277, 'it17070908', 5, 'C'),
(278, 'it17070908', 6, 'C'),
(279, 'it17070908', 7, 'C'),
(280, 'it17070908', 8, 'C'),
(281, 'it17070908', 9, 'W'),
(282, 'it17070908', 10, 'A'),
(283, 'it17070908', 11, 'C'),
(284, 'it17070908', 12, 'C'),
(285, 'it17070908', 13, 'C'),
(286, 'it17070908', 14, 'C'),
(287, 'it17070908', 15, 'W'),
(288, 'it17070908', 16, 'A'),
(289, 'it17070908', 17, 'C'),
(290, 'it17070908', 18, 'C'),
(291, 'it17070908', 19, 'C'),
(292, 'it17070908', 20, 'C'),
(293, 'it17070908', 21, 'W'),
(294, 'it17070908', 22, 'A'),
(295, 'it17070908', 23, 'C'),
(296, 'it17070908', 24, 'C'),
(297, 'it17070908', 25, 'C'),
(298, 'it17070908', 1, 'A'),
(299, 'it17070908', 2, 'B'),
(300, 'it17070908', 3, 'C'),
(301, 'it17070908', 4, 'A'),
(302, 'it17070908', 5, 'C'),
(303, 'it17070908', 6, 'C'),
(304, 'it17070908', 7, 'C'),
(305, 'it17070908', 8, 'C'),
(306, 'it17070908', 9, 'W'),
(307, 'it17070908', 10, 'A'),
(308, 'it17070908', 11, 'C'),
(309, 'it17070908', 12, 'C'),
(310, 'it17070908', 13, 'C'),
(311, 'it17070908', 14, 'C'),
(312, 'it17070908', 15, 'W'),
(313, 'it17070908', 16, 'A'),
(314, 'it17070908', 17, 'C'),
(315, 'it17070908', 18, 'C'),
(316, 'it17070908', 19, 'C'),
(317, 'it17070908', 20, 'C'),
(318, 'it17070908', 21, 'W'),
(319, 'it17070908', 22, 'A'),
(320, 'it17070908', 23, 'C'),
(321, 'it17070908', 24, 'C'),
(322, 'it17070908', 25, 'C'),
(323, 'it17070908', 1, 'A'),
(324, 'it17070908', 2, 'B'),
(325, 'it17070908', 3, 'C'),
(326, 'it17070908', 4, 'A'),
(327, 'it17070908', 5, 'C'),
(328, 'it17070908', 6, 'C'),
(329, 'it17070908', 7, 'C'),
(330, 'it17070908', 8, 'C'),
(331, 'it17070908', 9, 'W'),
(332, 'it17070908', 10, 'A'),
(333, 'it17070908', 11, 'C'),
(334, 'it17070908', 12, 'C'),
(335, 'it17070908', 13, 'C'),
(336, 'it17070908', 14, 'C'),
(337, 'it17070908', 15, 'W'),
(338, 'it17070908', 16, 'A'),
(339, 'it17070908', 17, 'C'),
(340, 'it17070908', 18, 'C'),
(341, 'it17070908', 19, 'C'),
(342, 'it17070908', 20, 'C'),
(343, 'it17070908', 21, 'W'),
(344, 'it17070908', 22, 'A'),
(345, 'it17070908', 23, 'C'),
(346, 'it17070908', 24, 'C'),
(347, 'it17070908', 25, 'C'),
(348, 'it17070908', 1, 'A'),
(349, 'it17070908', 2, 'B'),
(350, 'it17070908', 3, 'C'),
(351, 'it17070908', 4, 'A'),
(352, 'it17070908', 5, 'C'),
(353, 'it17070908', 6, 'C'),
(354, 'it17070908', 7, 'C'),
(355, 'it17070908', 8, 'C'),
(356, 'it17070908', 9, 'W'),
(357, 'it17070908', 10, 'A'),
(358, 'it17070908', 11, 'C'),
(359, 'it17070908', 12, 'C'),
(360, 'it17070908', 13, 'C'),
(361, 'it17070908', 14, 'C'),
(362, 'it17070908', 15, 'W'),
(363, 'it17070908', 16, 'A'),
(364, 'it17070908', 17, 'C'),
(365, 'it17070908', 18, 'C'),
(366, 'it17070908', 19, 'C'),
(367, 'it17070908', 20, 'C'),
(368, 'it17070908', 21, 'W'),
(369, 'it17070908', 22, 'A'),
(370, 'it17070908', 23, 'C'),
(371, 'it17070908', 24, 'C'),
(372, 'it17070908', 25, 'C'),
(373, 'it17070908', 1, 'A'),
(374, 'it17070908', 2, 'B'),
(375, 'it17070908', 3, 'C'),
(376, 'it17070908', 4, 'A'),
(377, 'it17070908', 5, 'C'),
(378, 'it17070908', 6, 'C'),
(379, 'it17070908', 7, 'C'),
(380, 'it17070908', 8, 'C'),
(381, 'it17070908', 9, 'W'),
(382, 'it17070908', 10, 'A'),
(383, 'it17070908', 11, 'C'),
(384, 'it17070908', 12, 'C'),
(385, 'it17070908', 13, 'C'),
(386, 'it17070908', 14, 'C'),
(387, 'it17070908', 15, 'W'),
(388, 'it17070908', 16, 'A'),
(389, 'it17070908', 17, 'C'),
(390, 'it17070908', 18, 'C'),
(391, 'it17070908', 19, 'C'),
(392, 'it17070908', 20, 'C'),
(393, 'it17070908', 21, 'W'),
(394, 'it17070908', 22, 'A'),
(395, 'it17070908', 23, 'C'),
(396, 'it17070908', 24, 'C'),
(397, 'it17070908', 25, 'C'),
(398, 'it17070908', 1, 'A'),
(399, 'it17070908', 2, 'B'),
(400, 'it17070908', 3, 'C'),
(401, 'it17070908', 4, 'A'),
(402, 'it17070908', 5, 'C'),
(403, 'it17070908', 6, 'C'),
(404, 'it17070908', 7, 'C'),
(405, 'it17070908', 8, 'C'),
(406, 'it17070908', 9, 'W'),
(407, 'it17070908', 10, 'A'),
(408, 'it17070908', 11, 'C'),
(409, 'it17070908', 12, 'C'),
(410, 'it17070908', 13, 'C'),
(411, 'it17070908', 14, 'C'),
(412, 'it17070908', 15, 'W'),
(413, 'it17070908', 16, 'A'),
(414, 'it17070908', 17, 'C'),
(415, 'it17070908', 18, 'C'),
(416, 'it17070908', 19, 'C'),
(417, 'it17070908', 20, 'C'),
(418, 'it17070908', 21, 'W'),
(419, 'it17070908', 22, 'A'),
(420, 'it17070908', 23, 'C'),
(421, 'it17070908', 24, 'C'),
(422, 'it17070908', 25, 'C'),
(423, 'it170456123', 1, 'A'),
(424, 'it170456123', 2, 'B'),
(425, 'it170456123', 3, 'C'),
(426, 'it170456123', 4, 'A'),
(427, 'it170456123', 5, 'C'),
(428, 'it170456123', 6, 'C'),
(429, 'it170456123', 7, 'C'),
(430, 'it170456123', 8, 'C'),
(431, 'it170456123', 9, 'W'),
(432, 'it170456123', 10, 'A'),
(433, 'it170456123', 11, 'C'),
(434, 'it170456123', 12, 'C'),
(435, 'it170456123', 13, 'C'),
(436, 'it170456123', 14, 'C'),
(437, 'it170456123', 15, 'W'),
(438, 'it170456123', 16, 'A'),
(439, 'it170456123', 17, 'C'),
(440, 'it170456123', 18, 'C'),
(441, 'it170456123', 19, 'C'),
(442, 'it170456123', 20, 'C'),
(443, 'it170456123', 21, 'W'),
(444, 'it170456123', 22, 'A'),
(445, 'it170456123', 23, 'C'),
(446, 'it170456123', 24, 'C'),
(447, 'it170456123', 25, 'C');

-- --------------------------------------------------------

--
-- Table structure for table `student_result_expect_gpa`
--

CREATE TABLE `student_result_expect_gpa` (
  `id` int(11) NOT NULL,
  `student_id` varchar(20) NOT NULL,
  `subject_id` varchar(20) NOT NULL,
  `result` varchar(20) NOT NULL
) ENGINE=InnoDB DEFAULT CHARSET=utf8mb4;

-- --------------------------------------------------------

--
-- Table structure for table `subject`
--

CREATE TABLE `subject` (
  `id` int(11) NOT NULL,
  `name` varchar(20) NOT NULL,
  `year` varchar(20) NOT NULL,
  `semester` varchar(20) NOT NULL
) ENGINE=InnoDB DEFAULT CHARSET=utf8mb4;

--
-- Dumping data for table `subject`
--

INSERT INTO `subject` (`id`, `name`, `year`, `semester`) VALUES
(1, 'IP', '1', '1'),
(2, 'ICS', '1', '1'),
(3, 'MC', '1', '1'),
(4, 'CS', '1', '1'),
(5, 'OOC', '1', '2'),
(6, 'SPM', '1', '2'),
(7, 'PS', '1', '2'),
(8, 'EAP', '1', '2'),
(9, 'ISDM', '1', '2'),
(10, 'IWT', '1', '2'),
(11, 'SE', '2', '1'),
(12, 'OOP', '2', '1'),
(13, 'DBMS', '2', '1'),
(14, 'OSSA', '2', '1'),
(15, 'MAD', '2', '2'),
(16, 'CN', '2', '2'),
(17, 'DSA', '2', '2'),
(18, 'ITP', '2', '2'),
(19, 'PS', '2', '2'),
(20, 'ESD', '2', '2'),
(21, 'NDM', '3', '1'),
(22, 'DS', '3', '1'),
(23, 'PAF', '3', '1'),
(24, 'ITPM', '3', '1'),
(25, 'ESD', '3', '1'),
(26, 'HCI', '3', '2'),
(27, 'IAS', '3', '2'),
(28, 'DSA', '3', '2'),
(29, 'BMIT', '3', '2');

--
-- Indexes for dumped tables
--

--
-- Indexes for table `students`
--
ALTER TABLE `students`
  ADD PRIMARY KEY (`id`);

--
-- Indexes for table `student_expect_gpa`
--
ALTER TABLE `student_expect_gpa`
  ADD PRIMARY KEY (`id`);

--
-- Indexes for table `student_gpa_pred_result`
--
ALTER TABLE `student_gpa_pred_result`
  ADD PRIMARY KEY (`id`);

--
-- Indexes for table `student_marks`
--
ALTER TABLE `student_marks`
  ADD PRIMARY KEY (`id`);

--
-- Indexes for table `student_result_expect_gpa`
--
ALTER TABLE `student_result_expect_gpa`
  ADD PRIMARY KEY (`id`);

--
-- Indexes for table `subject`
--
ALTER TABLE `subject`
  ADD PRIMARY KEY (`id`);

--
-- AUTO_INCREMENT for dumped tables
--

--
-- AUTO_INCREMENT for table `students`
--
ALTER TABLE `students`
  MODIFY `id` int(11) NOT NULL AUTO_INCREMENT, AUTO_INCREMENT=3;

--
-- AUTO_INCREMENT for table `student_expect_gpa`
--
ALTER TABLE `student_expect_gpa`
  MODIFY `id` int(11) NOT NULL AUTO_INCREMENT, AUTO_INCREMENT=3;

--
-- AUTO_INCREMENT for table `student_gpa_pred_result`
--
ALTER TABLE `student_gpa_pred_result`
  MODIFY `id` int(11) NOT NULL AUTO_INCREMENT, AUTO_INCREMENT=6;

--
-- AUTO_INCREMENT for table `student_marks`
--
ALTER TABLE `student_marks`
  MODIFY `id` int(11) NOT NULL AUTO_INCREMENT, AUTO_INCREMENT=448;

--
-- AUTO_INCREMENT for table `student_result_expect_gpa`
--
ALTER TABLE `student_result_expect_gpa`
  MODIFY `id` int(11) NOT NULL AUTO_INCREMENT;

--
-- AUTO_INCREMENT for table `subject`
--
ALTER TABLE `subject`
  MODIFY `id` int(11) NOT NULL AUTO_INCREMENT, AUTO_INCREMENT=33;
COMMIT;

/*!40101 SET CHARACTER_SET_CLIENT=@OLD_CHARACTER_SET_CLIENT */;
/*!40101 SET CHARACTER_SET_RESULTS=@OLD_CHARACTER_SET_RESULTS */;
/*!40101 SET COLLATION_CONNECTION=@OLD_COLLATION_CONNECTION */;
